Rainfall_Range,N
0-50,56.10271903323263
51-100,51.31191588785047
101-150,38.29421768707483
151-200,62.0
201-300,60.89393939393939
