Humidity_Range,K
0-30,49.985
31-60,24.794117647058822
61-90,46.31716082659479
91-100,65.72212065813528
